r_squared,adj_r_squared,f_statistic,f_p_value,n_obs,aic,bic
0.4827734601097786,0.48263758921206,3553.177819651254,0.0,15232,-18758.590257518532,-18720.434488733375
